ZKEE1,Keeler Wing Desk Chair - Jet Silver,85,77,120,599
AVI28,Wing Desk - Jet Silver,262,78,77,549
AVI72,Half Wing Desk (smaller desk) - Jet Silver,170,90,76,499
AVI07,Sideboard - Jet Silver,180,57,80,599
AVI22,Wing Bookcase - Jet Silver..,85,50,190,549
AVI15,Console Table - Jet Silver..,158,45,88.5,349
ZLAR1,Lars Retro Table - Vintage Jet Brass,200,100,76,399
AVJB01,Bullet Round Table  - Vintage Jet Brass (NEW 2019),110,110,76,499
AVJB50,Hornet Desk - Vintage Jet Brass (NEW 2019),190,90,76,549
AVJB73,Chest Desk - Vintage Jet Brass (NEW 2019),100,48,104,799
AVJB92,Gladiator Office Chair  - Vintage Jet Brass (NEW 2019),66,74,92,449
AVJB28,Wing Desk - Vintage Jet Brass,262,78,77,649
AVJB72,Half Wing Desk (smaller desk) - Vintage Jet Brass,170,90,76,599
ZKEVJB1,Keeler Chair - Vintage Jet Brass,85,77,120,699
AVJB07,Sideboard - Vintage Jet Brass,180,57,80,699
AVJB22,Wing Bookcase - Vintage Jet Brass,85,50,190,649
AVJB15,Console Table - Vintage Jet Brass..,158,45,88.5,425
ROOT1300,Root Table 1300 - Glass Top ,130,130,76,369
ROOT1500,Root Table 1500 - Glass Top,150,150,76,425
PW01,Petrified Wood Side Table - Std (NEW 2019) ,25,25,55,99
PW02,Petrified Wood Side Table - Tall  (NEW 2019),25,25,65,99
